celltype_id,sample_id
1-fetal-stromal-cell,FetalBrain_1
1-fetal-stromal-cell,FetalEmbryonicMesenchyme_1
1-fetal-stromal-cell,FetalFemaleGonad_1
1-fetal-stromal-cell,FetalHeart_1
1-fetal-stromal-cell,FetalHeart_2
1-fetal-stromal-cell,FetalIntestine_1
1-fetal-stromal-cell,FetalKidney_1
1-fetal-stromal-cell,FetalKidney_2
1-fetal-stromal-cell,FetalLung_1
1-fetal-stromal-cell,FetalMaleGonad_1
1-fetal-stromal-cell,FetalMaleGonad_2
1-fetal-stromal-cell,FetalStomach_1
1-fetal-stromal-cell,FetalStomach_2
1-fetal-stromal-cell,FetalPancreas_1
1-fetal-stromal-cell,FetalPancreas_2
1-fetal-stromal-cell,NeonatalSkin_1
1-fetal-stromal-cell,NeontalBrain_2
1-fetal-stromal-cell,Ovary_2
1-fetal-stromal-cell,Placenta_1
1-fetal-stromal-cell,Placenta_2
1-fetal-stromal-cell,Uterus_2
10-mammary-gland-in-lactation,AdultMammaryGlandInvolution_1
10-mammary-gland-in-lactation,AdultProstate_1
10-mammary-gland-in-lactation,AdultProstate_2
10-mammary-gland-in-lactation,FetalStomach_1
10-mammary-gland-in-lactation,FetalPancreas_2
10-mammary-gland-in-lactation,Lung_1
10-mammary-gland-in-lactation,MammaryGlandLactation_1
10-mammary-gland-in-lactation,MammaryGlandLactation_2
10-mammary-gland-in-lactation,MammaryGlandPregnancy_1
10-mammary-gland-in-lactation,Placenta_2
10-mammary-gland-in-lactation,AdultStomach_1
10-mammary-gland-in-lactation,AdultStomach_2
10-mammary-gland-in-lactation,Testis_1
100-epithelial-cell,Kidney_2
100-epithelial-cell,Liver_2
100-epithelial-cell,Ovary_1
100-epithelial-cell,Placenta_1
100-epithelial-cell,Placenta_2
100-epithelial-cell,Uterus_1
100-epithelial-cell,Uterus_2
101-astrocyte,AdultBrain_1
101-astrocyte,AdultBrain_2
101-astrocyte,NeonatalRib_2
101-astrocyte,NeontalBrain_1
101-astrocyte,NeontalBrain_2
102-chondrocyte,FetalEmbryonicMesenchyme_1
102-chondrocyte,FetalHeart_1
103-smooth-muscle-cell,MammaryGlandPregnancy_1
104-hepatocyte,Placenta_1
104-hepatocyte,Placenta_2
11-fasciculata-cell,FetalEmbryonicMesenchyme_1
11-fasciculata-cell,AdultAdrenalGland_1
11-fasciculata-cell,AdultAdrenalGland_2
11-fasciculata-cell,AdultAdrenalGland_3
12-erythroid-cell,AdultBoneMarrowcKit_2
12-erythroid-cell,FetalEmbryonicMesenchyme_1
12-erythroid-cell,FetalFemaleGonad_1
12-erythroid-cell,FetalHeart_2
12-erythroid-cell,FetalIntestine_1
12-erythroid-cell,FetalKidney_2
12-erythroid-cell,FetalLiver_1
12-erythroid-cell,FetalLung_1
12-erythroid-cell,FetalMaleGonad_1
12-erythroid-cell,FetalStomach_1
12-erythroid-cell,FetalStomach_2
12-erythroid-cell,FetalPancreas_1
12-erythroid-cell,FetalPancreas_2
12-erythroid-cell,MesenchymalStemCellsPrimary_1
12-erythroid-cell,NeonatalPancreas_1
13-macrophage,AdultBladder_1
13-macrophage,AdultBoneMarrow_4
13-macrophage,AdultBoneMarrow_5
13-macrophage,AdultBoneMarrowcKit_1
13-macrophage,AdultBoneMarrowcKit_3
13-macrophage,AdultBrain_2
13-macrophage,AdultMammaryGlandInvolution_2
13-macrophage,FetalBrain_1
13-macrophage,FetalEmbryonicMesenchyme_1
13-macrophage,FetalFemaleGonad_1
13-macrophage,FetalHeart_1
13-macrophage,FetalHeart_2
13-macrophage,FetalIntestine_1
13-macrophage,FetalKidney_1
13-macrophage,FetalKidney_2
13-macrophage,FetalLiver_1
13-macrophage,FetalLung_1
13-macrophage,FetalMaleGonad_1
13-macrophage,FetalMaleGonad_2
13-macrophage,Kidney_2
13-macrophage,FetalStomach_1
13-macrophage,FetalStomach_2
13-macrophage,FetalPancreas_1
13-macrophage,FetalPancreas_2
13-macrophage,Lung_1
13-macrophage,Lung_2
13-macrophage,Lung_3
13-macrophage,MammaryGlandLactation_1
13-macrophage,MammaryGlandLactation_2
13-macrophage,MammaryGlandVirgin_1
13-macrophage,Muscle_1
13-macrophage,NeonatalCalvaria_1
13-macrophage,NeonatalCalvaria_2
13-macrophage,NeonatalHeart_1
13-macrophage,NeonatalMuscle_1
13-macrophage,NeonatalMuscle_2
13-macrophage,NeonatalPancreas_1
13-macrophage,NeonatalPancreas_2
13-macrophage,NeonatalRib_1
13-macrophage,NeonatalRib_2
13-macrophage,NeonatalRib_3
13-macrophage,NeonatalSkin_1
13-macrophage,NeontalBrain_1
13-macrophage,NeontalBrain_2
13-macrophage,NeontalBrain_3
13-macrophage,Ovary_1
13-macrophage,Ovary_2
13-macrophage,Pancreas_1
13-macrophage,PeripheralBlood_2
13-macrophage,Placenta_1
13-macrophage,Placenta_2
13-macrophage,SmallIntestine_3
13-macrophage,AdultStomach_2
13-macrophage,AdultPleura_2
13-macrophage,AdultOmentum_2
13-macrophage,AdultAdrenalGland_1
13-macrophage,AdultAdrenalGland_3
13-macrophage,Testis_1
13-macrophage,Uterus_1
13-macrophage,Uterus_2
14-erythroid-cell,AdultBladder_1
14-erythroid-cell,FetalBrain_1
14-erythroid-cell,FetalEmbryonicMesenchyme_1
14-erythroid-cell,FetalFemaleGonad_1
14-erythroid-cell,FetalHeart_1
14-erythroid-cell,FetalHeart_2
14-erythroid-cell,FetalIntestine_1
14-erythroid-cell,FetalKidney_1
14-erythroid-cell,FetalKidney_2
14-erythroid-cell,FetalLiver_1
14-erythroid-cell,FetalLung_1
14-erythroid-cell,FetalMaleGonad_1
14-erythroid-cell,FetalMaleGonad_2
14-erythroid-cell,FetalStomach_1
14-erythroid-cell,FetalStomach_2
14-erythroid-cell,FetalPancreas_1
14-erythroid-cell,FetalPancreas_2
14-erythroid-cell,MesenchymalStemCellsPrimary_1
14-erythroid-cell,Muscle_1
14-erythroid-cell,NeonatalMuscle_1
14-erythroid-cell,NeonatalMuscle_2
14-erythroid-cell,NeonatalPancreas_2
14-erythroid-cell,NeonatalSkin_1
14-erythroid-cell,Placenta_1
14-erythroid-cell,Uterus_2
15-fetal-kidney-epithelial-cell,FetalBrain_1
15-fetal-kidney-epithelial-cell,FetalEmbryonicMesenchyme_1
15-fetal-kidney-epithelial-cell,FetalFemaleGonad_1
15-fetal-kidney-epithelial-cell,FetalHeart_1
15-fetal-kidney-epithelial-cell,FetalHeart_2
15-fetal-kidney-epithelial-cell,FetalIntestine_1
15-fetal-kidney-epithelial-cell,FetalKidney_1
15-fetal-kidney-epithelial-cell,FetalKidney_2
15-fetal-kidney-epithelial-cell,FetalLung_1
15-fetal-kidney-epithelial-cell,FetalMaleGonad_1
15-fetal-kidney-epithelial-cell,FetalMaleGonad_2
15-fetal-kidney-epithelial-cell,Kidney_2
15-fetal-kidney-epithelial-cell,FetalStomach_1
15-fetal-kidney-epithelial-cell,FetalStomach_2
15-fetal-kidney-epithelial-cell,FetalPancreas_1
15-fetal-kidney-epithelial-cell,FetalPancreas_2
15-fetal-kidney-epithelial-cell,NeonatalCalvaria_1
15-fetal-kidney-epithelial-cell,NeonatalCalvaria_2
15-fetal-kidney-epithelial-cell,NeonatalMuscle_2
15-fetal-kidney-epithelial-cell,NeontalBrain_1
15-fetal-kidney-epithelial-cell,NeontalBrain_3
15-fetal-kidney-epithelial-cell,Ovary_1
15-fetal-kidney-epithelial-cell,Placenta_2
15-fetal-kidney-epithelial-cell,AdultStomach_2
15-fetal-kidney-epithelial-cell,Uterus_2
16-neutrophil,AdultBoneMarrow_1
16-neutrophil,AdultBoneMarrow_4
16-neutrophil,AdultBoneMarrow_5
16-neutrophil,AdultBoneMarrowcKit_1
16-neutrophil,AdultBoneMarrowcKit_2
16-neutrophil,AdultBoneMarrowcKit_3
16-neutrophil,FetalLiver_1
16-neutrophil,FetalLung_1
16-neutrophil,FetalMaleGonad_1
16-neutrophil,FetalMaleGonad_2
16-neutrophil,FetalStomach_1
16-neutrophil,FetalPancreas_1
16-neutrophil,FetalPancreas_2
16-neutrophil,Lung_1
16-neutrophil,Lung_2
16-neutrophil,Lung_3
16-neutrophil,MesenchymalStemCellsPrimary_1
16-neutrophil,Muscle_1
16-neutrophil,NeonatalMuscle_2
16-neutrophil,NeonatalPancreas_1
16-neutrophil,NeonatalPancreas_2
16-neutrophil,NeonatalRib_3
16-neutrophil,PeripheralBlood_2
16-neutrophil,AdultPleura_1
16-neutrophil,AdultPleura_2
17-stromal-cell,FetalFemaleGonad_1
17-stromal-cell,FetalHeart_1
17-stromal-cell,FetalHeart_2
17-stromal-cell,Lung_3
17-stromal-cell,MammaryGlandLactation_2
17-stromal-cell,MammaryGlandVirgin_1
17-stromal-cell,MammaryGlandVirgin_4
17-stromal-cell,MesenchymalStemCellsPrimary_1
17-stromal-cell,Muscle_1
17-stromal-cell,NeonatalCalvaria_1
17-stromal-cell,NeonatalCalvaria_2
17-stromal-cell,NeonatalHeart_1
17-stromal-cell,NeonatalMuscle_1
17-stromal-cell,NeonatalMuscle_2
17-stromal-cell,NeonatalPancreas_1
17-stromal-cell,NeonatalRib_1
17-stromal-cell,NeonatalRib_2
17-stromal-cell,NeonatalRib_3
17-stromal-cell,NeonatalSkin_1
17-stromal-cell,NeontalBrain_1
17-stromal-cell,NeontalBrain_3
17-stromal-cell,Ovary_1
17-stromal-cell,AdultStomach_2
17-stromal-cell,AdultPleura_1
17-stromal-cell,AdultAdrenalGland_3
17-stromal-cell,Uterus_1
18-erythroid-cell,AdultBoneMarrow_4
18-erythroid-cell,AdultBoneMarrow_5
18-erythroid-cell,AdultBoneMarrowcKit_1
18-erythroid-cell,AdultBoneMarrowcKit_2
18-erythroid-cell,AdultBoneMarrowcKit_3
18-erythroid-cell,FetalEmbryonicMesenchyme_1
18-erythroid-cell,FetalFemaleGonad_1
18-erythroid-cell,FetalHeart_1
18-erythroid-cell,FetalHeart_2
18-erythroid-cell,FetalIntestine_1
18-erythroid-cell,FetalKidney_2
18-erythroid-cell,FetalLiver_1
18-erythroid-cell,FetalLung_1
18-erythroid-cell,FetalMaleGonad_1
18-erythroid-cell,FetalMaleGonad_2
18-erythroid-cell,FetalStomach_1
18-erythroid-cell,FetalStomach_2
18-erythroid-cell,FetalPancreas_1
18-erythroid-cell,FetalPancreas_2
18-erythroid-cell,Lung_1
18-erythroid-cell,MesenchymalStemCellsPrimary_1
18-erythroid-cell,Muscle_1
18-erythroid-cell,NeonatalMuscle_1
18-erythroid-cell,NeonatalMuscle_2
18-erythroid-cell,NeonatalPancreas_1
18-erythroid-cell,NeonatalPancreas_2
18-erythroid-cell,NeonatalRib_2
18-erythroid-cell,NeonatalRib_3
18-erythroid-cell,Placenta_2
19-mammary-gland-in-lactation,MammaryGlandLactation_1
19-mammary-gland-in-lactation,MammaryGlandLactation_2
2-neuron,AdultBrain_1
2-neuron,AdultBrain_2
2-neuron,FetalBrain_1
2-neuron,FetalEmbryonicMesenchyme_1
2-neuron,FetalHeart_1
2-neuron,FetalHeart_2
2-neuron,FetalIntestine_1
2-neuron,FetalKidney_2
2-neuron,FetalLung_1
2-neuron,FetalStomach_1
2-neuron,FetalStomach_2
2-neuron,FetalPancreas_1
2-neuron,FetalPancreas_2
2-neuron,NeonatalCalvaria_1
2-neuron,NeonatalCalvaria_2
2-neuron,NeonatalRib_2
2-neuron,NeonatalRib_3
2-neuron,NeontalBrain_1
2-neuron,NeontalBrain_2
2-neuron,NeontalBrain_3
2-neuron,AdultStomach_1
2-neuron,AdultAdrenalGland_1
20-spermicyte,Testis_1
20-spermicyte,Testis_2
21-b-cell,AdultBladder_1
21-b-cell,AdultBoneMarrow_1
21-b-cell,AdultBoneMarrow_4
21-b-cell,AdultBoneMarrow_5
21-b-cell,AdultBoneMarrowcKit_1
21-b-cell,AdultBoneMarrowcKit_2
21-b-cell,AdultMammaryGlandInvolution_1
21-b-cell,AdultMammaryGlandInvolution_2
21-b-cell,Kidney_2
21-b-cell,Liver_1
21-b-cell,Lung_1
21-b-cell,Lung_2
21-b-cell,Lung_3
21-b-cell,MammaryGlandPregnancy_1
21-b-cell,MammaryGlandVirgin_1
21-b-cell,MammaryGlandVirgin_2
21-b-cell,MammaryGlandVirgin_3
21-b-cell,MammaryGlandVirgin_4
21-b-cell,MesenchymalStemCellsPrimary_1
21-b-cell,Muscle_1
21-b-cell,NeonatalMuscle_2
21-b-cell,NeonatalPancreas_1
21-b-cell,NeonatalPancreas_2
21-b-cell,NeonatalRib_1
21-b-cell,NeonatalRib_2
21-b-cell,Pancreas_1
21-b-cell,PeripheralBlood_1
21-b-cell,PeripheralBlood_2
21-b-cell,PeripheralBlood_3
21-b-cell,PeripheralBlood_4
21-b-cell,PeripheralBlood_5
21-b-cell,PeripheralBlood_6
21-b-cell,Placenta_1
21-b-cell,SmallIntestine_1
21-b-cell,SmallIntestine_2
21-b-cell,SmallIntestine_3
21-b-cell,Spleen_1
21-b-cell,AdultPleura_1
21-b-cell,AdultPleura_2
21-b-cell,AdultOmentum_1
21-b-cell,AdultOmentum_2
21-b-cell,AdultOmentum_3
21-b-cell,AdultAdrenalGland_1
21-b-cell,AdultAdrenalGland_2
21-b-cell,AdultAdrenalGland_3
21-b-cell,Testis_1
21-b-cell,Thymus_1
22-neutrophil,AdultBoneMarrow_1
22-neutrophil,AdultBoneMarrow_4
22-neutrophil,AdultBoneMarrow_5
22-neutrophil,AdultBoneMarrowcKit_1
22-neutrophil,AdultBoneMarrowcKit_2
22-neutrophil,AdultBoneMarrowcKit_3
22-neutrophil,FetalFemaleGonad_1
22-neutrophil,FetalLiver_1
22-neutrophil,FetalStomach_1
22-neutrophil,FetalPancreas_1
22-neutrophil,FetalPancreas_2
22-neutrophil,MesenchymalStemCellsPrimary_1
22-neutrophil,Muscle_1
22-neutrophil,NeonatalMuscle_2
22-neutrophil,NeonatalPancreas_1
22-neutrophil,NeonatalPancreas_2
22-neutrophil,NeonatalRib_3
22-neutrophil,PeripheralBlood_2
23-neutrophil,AdultBoneMarrow_4
23-neutrophil,AdultBoneMarrow_5
23-neutrophil,AdultBoneMarrowcKit_1
23-neutrophil,AdultBoneMarrowcKit_2
23-neutrophil,AdultBoneMarrowcKit_3
23-neutrophil,FetalLiver_1
23-neutrophil,Liver_1
23-neutrophil,FetalPancreas_1
23-neutrophil,MesenchymalStemCellsPrimary_1
23-neutrophil,Muscle_1
23-neutrophil,NeonatalPancreas_1
23-neutrophil,NeonatalPancreas_2
23-neutrophil,NeonatalRib_3
24-epithelial-cell,SmallIntestine_2
24-epithelial-cell,AdultStomach_1
24-epithelial-cell,AdultStomach_2
25-epithelial-cell,FetalHeart_1
25-epithelial-cell,FetalHeart_2
25-epithelial-cell,FetalIntestine_1
25-epithelial-cell,FetalKidney_1
25-epithelial-cell,FetalKidney_2
25-epithelial-cell,FetalLung_1
25-epithelial-cell,FetalMaleGonad_1
25-epithelial-cell,FetalMaleGonad_2
25-epithelial-cell,FetalStomach_1
25-epithelial-cell,FetalStomach_2
25-epithelial-cell,FetalPancreas_1
25-epithelial-cell,FetalPancreas_2
25-epithelial-cell,NeonatalCalvaria_2
25-epithelial-cell,Placenta_2
25-epithelial-cell,SmallIntestine_2
25-epithelial-cell,Uterus_2
26-erythroid-cell,AdultBoneMarrow_1
26-erythroid-cell,AdultBoneMarrow_4
26-erythroid-cell,AdultBoneMarrow_5
26-erythroid-cell,AdultBoneMarrowcKit_1
26-erythroid-cell,AdultBoneMarrowcKit_2
26-erythroid-cell,AdultBoneMarrowcKit_3
26-erythroid-cell,FetalLiver_1
26-erythroid-cell,FetalMaleGonad_1
26-erythroid-cell,FetalPancreas_2
26-erythroid-cell,MesenchymalStemCellsPrimary_1
26-erythroid-cell,Muscle_1
26-erythroid-cell,NeonatalMuscle_1
26-erythroid-cell,NeonatalMuscle_2
26-erythroid-cell,NeonatalPancreas_1
26-erythroid-cell,NeonatalPancreas_2
26-erythroid-cell,NeonatalRib_1
26-erythroid-cell,NeonatalRib_2
26-erythroid-cell,NeonatalRib_3
26-erythroid-cell,PeripheralBlood_2
26-erythroid-cell,Spleen_1
26-erythroid-cell,AdultPleura_1
26-erythroid-cell,AdultPleura_2
27-fetal-premeiotic-germ-cell,FetalFemaleGonad_1
27-fetal-premeiotic-germ-cell,FetalMaleGonad_1
27-fetal-premeiotic-germ-cell,Testis_1
27-fetal-premeiotic-germ-cell,Testis_2
28-macrophage,AdultBladder_1
28-macrophage,AdultBoneMarrow_4
28-macrophage,AdultBoneMarrow_5
28-macrophage,AdultBoneMarrowcKit_1
28-macrophage,AdultBoneMarrowcKit_2
28-macrophage,AdultBoneMarrowcKit_3
28-macrophage,AdultBrain_1
28-macrophage,AdultBrain_2
28-macrophage,AdultMammaryGlandInvolution_1
28-macrophage,AdultMammaryGlandInvolution_2
28-macrophage,FetalFemaleGonad_1
28-macrophage,FetalHeart_1
28-macrophage,FetalHeart_2
28-macrophage,FetalLiver_1
28-macrophage,Kidney_2
28-macrophage,Liver_1
28-macrophage,FetalStomach_2
28-macrophage,Lung_1
28-macrophage,Lung_2
28-macrophage,Lung_3
28-macrophage,MammaryGlandLactation_1
28-macrophage,MammaryGlandLactation_2
28-macrophage,MammaryGlandPregnancy_1
28-macrophage,MammaryGlandVirgin_1
28-macrophage,MammaryGlandVirgin_2
28-macrophage,MammaryGlandVirgin_3
28-macrophage,MammaryGlandVirgin_4
28-macrophage,Muscle_1
28-macrophage,NeonatalHeart_1
28-macrophage,NeonatalMuscle_1
28-macrophage,NeonatalMuscle_2
28-macrophage,NeonatalPancreas_1
28-macrophage,NeonatalRib_1
28-macrophage,NeonatalRib_2
28-macrophage,NeonatalSkin_1
28-macrophage,NeontalBrain_1
28-macrophage,NeontalBrain_3
28-macrophage,Ovary_1
28-macrophage,Ovary_2
28-macrophage,Pancreas_1
28-macrophage,Placenta_1
28-macrophage,Placenta_2
28-macrophage,SmallIntestine_1
28-macrophage,SmallIntestine_2
28-macrophage,SmallIntestine_3
28-macrophage,Spleen_1
28-macrophage,AdultStomach_1
28-macrophage,AdultStomach_2
28-macrophage,AdultPleura_1
28-macrophage,AdultPleura_2
28-macrophage,AdultOmentum_1
28-macrophage,AdultOmentum_2
28-macrophage,AdultOmentum_3
28-macrophage,AdultAdrenalGland_1
28-macrophage,AdultAdrenalGland_2
28-macrophage,AdultAdrenalGland_3
28-macrophage,Testis_1
28-macrophage,Uterus_1
28-macrophage,Uterus_2
29-neutrophil,AdultBladder_1
29-neutrophil,AdultBoneMarrow_1
29-neutrophil,AdultBoneMarrow_4
29-neutrophil,AdultBoneMarrow_5
29-neutrophil,AdultBoneMarrowcKit_1
29-neutrophil,AdultBoneMarrowcKit_2
29-neutrophil,AdultBoneMarrowcKit_3
29-neutrophil,AdultBrain_1
29-neutrophil,AdultBrain_2
29-neutrophil,AdultMammaryGlandInvolution_1
29-neutrophil,Kidney_2
29-neutrophil,Liver_1
29-neutrophil,Lung_1
29-neutrophil,Lung_2
29-neutrophil,Lung_3
29-neutrophil,MammaryGlandPregnancy_1
29-neutrophil,MesenchymalStemCellsPrimary_1
29-neutrophil,Muscle_1
29-neutrophil,NeonatalMuscle_2
29-neutrophil,NeonatalPancreas_1
29-neutrophil,Pancreas_1
29-neutrophil,PeripheralBlood_1
29-neutrophil,PeripheralBlood_2
29-neutrophil,PeripheralBlood_3
29-neutrophil,PeripheralBlood_4
29-neutrophil,PeripheralBlood_5
29-neutrophil,PeripheralBlood_6
29-neutrophil,Placenta_1
29-neutrophil,Placenta_2
29-neutrophil,SmallIntestine_1
29-neutrophil,Spleen_1
29-neutrophil,AdultPleura_1
29-neutrophil,AdultPleura_2
29-neutrophil,AdultAdrenalGland_1
29-neutrophil,AdultAdrenalGland_2
29-neutrophil,Thymus_1
29-neutrophil,Uterus_1
29-neutrophil,Uterus_2
3-embryonic-stem-cell,FetalEmbryonicStemCells_1
30-fetal-proliferating-cell,FetalBrain_1
30-fetal-proliferating-cell,FetalEmbryonicMesenchyme_1
30-fetal-proliferating-cell,FetalHeart_1
30-fetal-proliferating-cell,FetalHeart_2
30-fetal-proliferating-cell,FetalIntestine_1
30-fetal-proliferating-cell,FetalKidney_1
30-fetal-proliferating-cell,FetalKidney_2
30-fetal-proliferating-cell,FetalLung_1
30-fetal-proliferating-cell,FetalMaleGonad_1
30-fetal-proliferating-cell,FetalMaleGonad_2
30-fetal-proliferating-cell,FetalStomach_1
30-fetal-proliferating-cell,FetalStomach_2
30-fetal-proliferating-cell,FetalPancreas_2
30-fetal-proliferating-cell,Muscle_1
30-fetal-proliferating-cell,NeonatalCalvaria_2
30-fetal-proliferating-cell,NeonatalMuscle_1
30-fetal-proliferating-cell,NeonatalMuscle_2
30-fetal-proliferating-cell,NeontalBrain_1
30-fetal-proliferating-cell,NeontalBrain_2
30-fetal-proliferating-cell,Ovary_2
31-cd4pos-t-cell,AdultBoneMarrow_5
31-cd4pos-t-cell,AdultBoneMarrowcKit_2
31-cd4pos-t-cell,FetalHeart_1
31-cd4pos-t-cell,Lung_3
31-cd4pos-t-cell,MammaryGlandVirgin_1
31-cd4pos-t-cell,MammaryGlandVirgin_2
31-cd4pos-t-cell,MammaryGlandVirgin_4
31-cd4pos-t-cell,NeonatalPancreas_1
31-cd4pos-t-cell,NeonatalRib_2
31-cd4pos-t-cell,NeonatalRib_3
31-cd4pos-t-cell,PeripheralBlood_1
31-cd4pos-t-cell,SmallIntestine_1
31-cd4pos-t-cell,AdultPleura_2
31-cd4pos-t-cell,Thymus_1
32-spermatogonia,Testis_1
32-spermatogonia,Testis_2
33-epithelial-cell,AdultStomach_1
33-epithelial-cell,AdultStomach_2
34-epithelial-cell,AdultProstate_1
34-epithelial-cell,NeonatalSkin_1
34-epithelial-cell,AdultStomach_1
34-epithelial-cell,AdultStomach_2
35-myoloid-cell,AdultBladder_1
35-myoloid-cell,AdultBoneMarrow_1
35-myoloid-cell,AdultBoneMarrow_4
35-myoloid-cell,AdultBoneMarrow_5
35-myoloid-cell,AdultBoneMarrowcKit_1
35-myoloid-cell,AdultBoneMarrowcKit_2
35-myoloid-cell,AdultBoneMarrowcKit_3
35-myoloid-cell,AdultBrain_2
35-myoloid-cell,AdultMammaryGlandInvolution_1
35-myoloid-cell,AdultMammaryGlandInvolution_2
35-myoloid-cell,FetalEmbryonicMesenchyme_1
35-myoloid-cell,FetalHeart_1
35-myoloid-cell,FetalHeart_2
35-myoloid-cell,FetalIntestine_1
35-myoloid-cell,FetalLiver_1
35-myoloid-cell,FetalLung_1
35-myoloid-cell,FetalMaleGonad_1
35-myoloid-cell,Kidney_2
35-myoloid-cell,Liver_1
35-myoloid-cell,FetalStomach_1
35-myoloid-cell,Lung_1
35-myoloid-cell,Lung_2
35-myoloid-cell,Lung_3
35-myoloid-cell,MammaryGlandPregnancy_1
35-myoloid-cell,MammaryGlandVirgin_1
35-myoloid-cell,MammaryGlandVirgin_2
35-myoloid-cell,MammaryGlandVirgin_3
35-myoloid-cell,MammaryGlandVirgin_4
35-myoloid-cell,MesenchymalStemCellsPrimary_1
35-myoloid-cell,Muscle_1
35-myoloid-cell,NeonatalCalvaria_2
35-myoloid-cell,NeonatalHeart_1
35-myoloid-cell,NeonatalMuscle_1
35-myoloid-cell,NeonatalMuscle_2
35-myoloid-cell,NeonatalPancreas_1
35-myoloid-cell,NeonatalPancreas_2
35-myoloid-cell,NeonatalRib_1
35-myoloid-cell,NeonatalRib_3
35-myoloid-cell,NeonatalSkin_1
35-myoloid-cell,NeontalBrain_3
35-myoloid-cell,Ovary_1
35-myoloid-cell,Pancreas_1
35-myoloid-cell,PeripheralBlood_1
35-myoloid-cell,PeripheralBlood_2
35-myoloid-cell,PeripheralBlood_3
35-myoloid-cell,PeripheralBlood_4
35-myoloid-cell,PeripheralBlood_5
35-myoloid-cell,PeripheralBlood_6
35-myoloid-cell,Placenta_1
35-myoloid-cell,Placenta_2
35-myoloid-cell,SmallIntestine_1
35-myoloid-cell,SmallIntestine_2
35-myoloid-cell,SmallIntestine_3
35-myoloid-cell,Spleen_1
35-myoloid-cell,AdultStomach_2
35-myoloid-cell,AdultPleura_1
35-myoloid-cell,AdultPleura_2
35-myoloid-cell,AdultOmentum_1
35-myoloid-cell,AdultOmentum_2
35-myoloid-cell,AdultOmentum_3
35-myoloid-cell,AdultAdrenalGland_1
35-myoloid-cell,AdultAdrenalGland_2
35-myoloid-cell,AdultAdrenalGland_3
35-myoloid-cell,Testis_1
35-myoloid-cell,Thymus_1
35-myoloid-cell,Uterus_1
35-myoloid-cell,Uterus_2
36-dendritic-cell,AdultBladder_1
36-dendritic-cell,AdultBoneMarrow_1
36-dendritic-cell,AdultBoneMarrow_4
36-dendritic-cell,AdultBoneMarrow_5
36-dendritic-cell,AdultBoneMarrowcKit_1
36-dendritic-cell,AdultBoneMarrowcKit_2
36-dendritic-cell,AdultBoneMarrowcKit_3
36-dendritic-cell,AdultMammaryGlandInvolution_1
36-dendritic-cell,AdultMammaryGlandInvolution_2
36-dendritic-cell,AdultProstate_2
36-dendritic-cell,FetalBrain_1
36-dendritic-cell,FetalEmbryonicMesenchyme_1
36-dendritic-cell,FetalHeart_1
36-dendritic-cell,FetalHeart_2
36-dendritic-cell,FetalIntestine_1
36-dendritic-cell,FetalKidney_2
36-dendritic-cell,FetalLiver_1
36-dendritic-cell,FetalLung_1
36-dendritic-cell,FetalMaleGonad_1
36-dendritic-cell,Kidney_2
36-dendritic-cell,Liver_1
36-dendritic-cell,Liver_2
36-dendritic-cell,FetalStomach_1
36-dendritic-cell,FetalStomach_2
36-dendritic-cell,FetalPancreas_1
36-dendritic-cell,Lung_1
36-dendritic-cell,Lung_2
36-dendritic-cell,Lung_3
36-dendritic-cell,MammaryGlandLactation_1
36-dendritic-cell,MammaryGlandLactation_2
36-dendritic-cell,MammaryGlandPregnancy_1
36-dendritic-cell,MammaryGlandVirgin_1
36-dendritic-cell,MammaryGlandVirgin_2
36-dendritic-cell,MammaryGlandVirgin_3
36-dendritic-cell,MammaryGlandVirgin_4
36-dendritic-cell,Muscle_1
36-dendritic-cell,NeonatalHeart_1
36-dendritic-cell,NeonatalMuscle_2
36-dendritic-cell,NeonatalPancreas_1
36-dendritic-cell,NeonatalPancreas_2
36-dendritic-cell,NeonatalSkin_1
36-dendritic-cell,NeontalBrain_2
36-dendritic-cell,NeontalBrain_3
36-dendritic-cell,Ovary_1
36-dendritic-cell,Ovary_2
36-dendritic-cell,Pancreas_1
36-dendritic-cell,PeripheralBlood_1
36-dendritic-cell,PeripheralBlood_2
36-dendritic-cell,PeripheralBlood_3
36-dendritic-cell,PeripheralBlood_5
36-dendritic-cell,PeripheralBlood_6
36-dendritic-cell,Placenta_1
36-dendritic-cell,Placenta_2
36-dendritic-cell,SmallIntestine_1
36-dendritic-cell,SmallIntestine_2
36-dendritic-cell,SmallIntestine_3
36-dendritic-cell,Spleen_1
36-dendritic-cell,AdultStomach_1
36-dendritic-cell,AdultStomach_2
36-dendritic-cell,AdultPleura_1
36-dendritic-cell,AdultPleura_2
36-dendritic-cell,AdultOmentum_1
36-dendritic-cell,AdultOmentum_2
36-dendritic-cell,AdultOmentum_3
36-dendritic-cell,AdultAdrenalGland_1
36-dendritic-cell,AdultAdrenalGland_2
36-dendritic-cell,AdultAdrenalGland_3
36-dendritic-cell,Thymus_1
36-dendritic-cell,Uterus_1
36-dendritic-cell,Uterus_2
37-testicular-cell,Testis_1
37-testicular-cell,Testis_2
38-t-cell,AdultMammaryGlandInvolution_1
38-t-cell,Lung_1
38-t-cell,MammaryGlandPregnancy_1
38-t-cell,MammaryGlandVirgin_1
38-t-cell,MammaryGlandVirgin_2
38-t-cell,MammaryGlandVirgin_4
38-t-cell,Muscle_1
38-t-cell,NeonatalPancreas_1
38-t-cell,PeripheralBlood_3
38-t-cell,Placenta_1
38-t-cell,SmallIntestine_1
38-t-cell,Spleen_1
39-erythroid-cell,AdultBladder_1
39-erythroid-cell,AdultBoneMarrow_4
39-erythroid-cell,AdultBoneMarrow_5
39-erythroid-cell,AdultBoneMarrowcKit_1
39-erythroid-cell,AdultBoneMarrowcKit_2
39-erythroid-cell,AdultBoneMarrowcKit_3
39-erythroid-cell,FetalBrain_1
39-erythroid-cell,FetalEmbryonicMesenchyme_1
39-erythroid-cell,FetalFemaleGonad_1
39-erythroid-cell,FetalHeart_1
39-erythroid-cell,FetalHeart_2
39-erythroid-cell,FetalIntestine_1
39-erythroid-cell,FetalKidney_1
39-erythroid-cell,FetalKidney_2
39-erythroid-cell,FetalLiver_1
39-erythroid-cell,FetalLung_1
39-erythroid-cell,FetalMaleGonad_1
39-erythroid-cell,FetalMaleGonad_2
39-erythroid-cell,FetalStomach_1
39-erythroid-cell,FetalStomach_2
39-erythroid-cell,FetalPancreas_1
39-erythroid-cell,FetalPancreas_2
39-erythroid-cell,MesenchymalStemCellsPrimary_1
39-erythroid-cell,Muscle_1
39-erythroid-cell,NeonatalMuscle_1
39-erythroid-cell,NeonatalMuscle_2
39-erythroid-cell,NeonatalPancreas_1
39-erythroid-cell,NeonatalPancreas_2
39-erythroid-cell,NeonatalRib_1
39-erythroid-cell,NeonatalRib_2
39-erythroid-cell,NeonatalRib_3
39-erythroid-cell,Ovary_1
39-erythroid-cell,PeripheralBlood_1
39-erythroid-cell,PeripheralBlood_2
39-erythroid-cell,PeripheralBlood_3
39-erythroid-cell,PeripheralBlood_6
39-erythroid-cell,Placenta_1
39-erythroid-cell,Placenta_2
39-erythroid-cell,SmallIntestine_1
4-chondrocyte,FetalEmbryonicMesenchyme_1
4-chondrocyte,MesenchymalStemCellsPrimary_1
4-chondrocyte,NeonatalCalvaria_1
4-chondrocyte,NeonatalCalvaria_2
4-chondrocyte,NeonatalMuscle_1
4-chondrocyte,NeonatalMuscle_2
4-chondrocyte,NeonatalRib_1
4-chondrocyte,NeonatalRib_2
4-chondrocyte,NeonatalRib_3
40-stromal-cell,AdultBladder_1
40-stromal-cell,AdultMammaryGlandInvolution_1
40-stromal-cell,AdultMammaryGlandInvolution_2
40-stromal-cell,Kidney_2
40-stromal-cell,Lung_1
40-stromal-cell,Lung_2
40-stromal-cell,Lung_3
40-stromal-cell,MammaryGlandLactation_2
40-stromal-cell,MammaryGlandVirgin_1
40-stromal-cell,MammaryGlandVirgin_2
40-stromal-cell,MesenchymalStemCellsPrimary_1
40-stromal-cell,Muscle_1
40-stromal-cell,Ovary_1
40-stromal-cell,Ovary_2
40-stromal-cell,Pancreas_1
40-stromal-cell,Placenta_1
40-stromal-cell,SmallIntestine_1
40-stromal-cell,SmallIntestine_2
40-stromal-cell,SmallIntestine_3
40-stromal-cell,AdultStomach_1
40-stromal-cell,AdultStomach_2
40-stromal-cell,AdultPleura_1
40-stromal-cell,AdultOmentum_1
40-stromal-cell,AdultOmentum_2
40-stromal-cell,AdultOmentum_3
40-stromal-cell,AdultAdrenalGland_1
40-stromal-cell,AdultAdrenalGland_2
40-stromal-cell,AdultAdrenalGland_3
40-stromal-cell,Testis_1
40-stromal-cell,Uterus_1
40-stromal-cell,Uterus_2
41-endothelial-cell,AdultBrain_1
41-endothelial-cell,Liver_1
41-endothelial-cell,Liver_2
41-endothelial-cell,Lung_2
41-endothelial-cell,MammaryGlandVirgin_4
41-endothelial-cell,MesenchymalStemCellsPrimary_1
41-endothelial-cell,NeonatalMuscle_2
41-endothelial-cell,NeonatalPancreas_1
41-endothelial-cell,NeonatalPancreas_2
41-endothelial-cell,NeonatalRib_3
41-endothelial-cell,Placenta_2
41-endothelial-cell,SmallIntestine_1
41-endothelial-cell,AdultOmentum_1
41-endothelial-cell,AdultAdrenalGland_1
42-cumulus-cell,FetalMaleGonad_1
42-cumulus-cell,FetalMaleGonad_2
42-cumulus-cell,Ovary_1
42-cumulus-cell,Ovary_2
42-cumulus-cell,AdultAdrenalGland_1
42-cumulus-cell,AdultAdrenalGland_3
43-monocyte,AdultBladder_1
43-monocyte,FetalIntestine_1
43-monocyte,Liver_1
43-monocyte,Lung_1
43-monocyte,Lung_2
43-monocyte,Muscle_1
43-monocyte,NeonatalHeart_1
43-monocyte,NeonatalPancreas_2
43-monocyte,NeonatalRib_2
43-monocyte,NeontalBrain_3
43-monocyte,AdultPleura_1
43-monocyte,AdultPleura_2
43-monocyte,AdultOmentum_1
43-monocyte,AdultOmentum_2
43-monocyte,AdultOmentum_3
43-monocyte,AdultAdrenalGland_1
43-monocyte,AdultAdrenalGland_2
43-monocyte,AdultAdrenalGland_3
44-fetal-stromal-cell,AdultBrain_1
44-fetal-stromal-cell,FetalEmbryonicMesenchyme_1
44-fetal-stromal-cell,FetalFemaleGonad_1
44-fetal-stromal-cell,FetalHeart_1
44-fetal-stromal-cell,FetalHeart_2
44-fetal-stromal-cell,FetalIntestine_1
44-fetal-stromal-cell,FetalKidney_2
44-fetal-stromal-cell,FetalLung_1
44-fetal-stromal-cell,FetalMaleGonad_1
44-fetal-stromal-cell,FetalMaleGonad_2
44-fetal-stromal-cell,FetalStomach_1
44-fetal-stromal-cell,FetalStomach_2
44-fetal-stromal-cell,NeonatalHeart_1
44-fetal-stromal-cell,NeonatalMuscle_1
44-fetal-stromal-cell,NeonatalMuscle_2
44-fetal-stromal-cell,NeonatalSkin_1
44-fetal-stromal-cell,NeontalBrain_1
44-fetal-stromal-cell,NeontalBrain_2
44-fetal-stromal-cell,NeontalBrain_3
44-fetal-stromal-cell,Placenta_1
44-fetal-stromal-cell,Placenta_2
45-endothelial-cell,AdultBladder_1
45-endothelial-cell,AdultBoneMarrowcKit_1
45-endothelial-cell,AdultBrain_1
45-endothelial-cell,AdultMammaryGlandInvolution_1
45-endothelial-cell,AdultMammaryGlandInvolution_2
45-endothelial-cell,Kidney_2
45-endothelial-cell,Lung_1
45-endothelial-cell,Lung_2
45-endothelial-cell,Lung_3
45-endothelial-cell,MammaryGlandLactation_2
45-endothelial-cell,MammaryGlandPregnancy_1
45-endothelial-cell,MammaryGlandVirgin_1
45-endothelial-cell,MammaryGlandVirgin_4
45-endothelial-cell,MesenchymalStemCellsPrimary_1
45-endothelial-cell,Muscle_1
45-endothelial-cell,NeonatalCalvaria_1
45-endothelial-cell,NeonatalCalvaria_2
45-endothelial-cell,NeonatalHeart_1
45-endothelial-cell,NeonatalMuscle_1
45-endothelial-cell,NeonatalMuscle_2
45-endothelial-cell,NeonatalPancreas_1
45-endothelial-cell,NeonatalRib_1
45-endothelial-cell,NeonatalRib_2
45-endothelial-cell,NeonatalRib_3
45-endothelial-cell,NeonatalSkin_1
45-endothelial-cell,NeontalBrain_2
45-endothelial-cell,Ovary_1
45-endothelial-cell,Ovary_2
45-endothelial-cell,Pancreas_1
45-endothelial-cell,Placenta_2
45-endothelial-cell,AdultStomach_1
45-endothelial-cell,AdultStomach_2
45-endothelial-cell,AdultPleura_1
45-endothelial-cell,AdultPleura_2
45-endothelial-cell,AdultOmentum_1
45-endothelial-cell,AdultOmentum_2
45-endothelial-cell,AdultOmentum_3
45-endothelial-cell,AdultAdrenalGland_1
45-endothelial-cell,AdultAdrenalGland_2
45-endothelial-cell,AdultAdrenalGland_3
45-endothelial-cell,Uterus_1
45-endothelial-cell,Uterus_2
46-t-cell,AdultBoneMarrow_4
46-t-cell,AdultBoneMarrowcKit_1
46-t-cell,FetalEmbryonicMesenchyme_1
46-t-cell,FetalFemaleGonad_1
46-t-cell,FetalHeart_1
46-t-cell,FetalHeart_2
46-t-cell,FetalIntestine_1
46-t-cell,FetalKidney_1
46-t-cell,FetalKidney_2
46-t-cell,FetalLiver_1
46-t-cell,FetalLung_1
46-t-cell,FetalMaleGonad_1
46-t-cell,FetalMaleGonad_2
46-t-cell,Kidney_2
46-t-cell,Liver_1
46-t-cell,FetalStomach_1
46-t-cell,FetalStomach_2
46-t-cell,FetalPancreas_1
46-t-cell,FetalPancreas_2
46-t-cell,Lung_1
46-t-cell,MammaryGlandLactation_2
46-t-cell,NeonatalHeart_1
46-t-cell,NeonatalMuscle_1
46-t-cell,NeonatalMuscle_2
46-t-cell,NeonatalPancreas_1
46-t-cell,NeonatalPancreas_2
46-t-cell,NeonatalRib_2
46-t-cell,NeonatalRib_3
46-t-cell,NeontalBrain_3
46-t-cell,Ovary_2
46-t-cell,PeripheralBlood_2
46-t-cell,Placenta_2
46-t-cell,SmallIntestine_1
46-t-cell,SmallIntestine_3
46-t-cell,AdultPleura_1
46-t-cell,Thymus_1
47-neutrophil,AdultBoneMarrow_1
47-neutrophil,FetalBrain_1
47-neutrophil,FetalEmbryonicMesenchyme_1
47-neutrophil,FetalFemaleGonad_1
47-neutrophil,FetalHeart_1
47-neutrophil,FetalHeart_2
47-neutrophil,FetalLiver_1
47-neutrophil,FetalLung_1
47-neutrophil,FetalMaleGonad_1
47-neutrophil,FetalMaleGonad_2
47-neutrophil,FetalStomach_1
47-neutrophil,FetalStomach_2
47-neutrophil,FetalPancreas_1
47-neutrophil,FetalPancreas_2
47-neutrophil,MesenchymalStemCellsPrimary_1
47-neutrophil,NeonatalCalvaria_1
47-neutrophil,NeonatalMuscle_1
47-neutrophil,NeonatalMuscle_2
47-neutrophil,NeonatalPancreas_1
47-neutrophil,NeonatalPancreas_2
47-neutrophil,NeonatalRib_1
47-neutrophil,NeonatalRib_2
47-neutrophil,NeonatalRib_3
47-neutrophil,NeontalBrain_2
48-fetal-stromal-cell,AdultBladder_1
48-fetal-stromal-cell,FetalBrain_1
48-fetal-stromal-cell,FetalEmbryonicMesenchyme_1
48-fetal-stromal-cell,FetalFemaleGonad_1
48-fetal-stromal-cell,FetalHeart_1
48-fetal-stromal-cell,FetalIntestine_1
48-fetal-stromal-cell,FetalKidney_2
48-fetal-stromal-cell,FetalLung_1
48-fetal-stromal-cell,FetalMaleGonad_1
48-fetal-stromal-cell,FetalMaleGonad_2
48-fetal-stromal-cell,FetalStomach_1
48-fetal-stromal-cell,FetalStomach_2
48-fetal-stromal-cell,FetalPancreas_2
48-fetal-stromal-cell,Lung_2
48-fetal-stromal-cell,Lung_3
48-fetal-stromal-cell,MammaryGlandVirgin_1
48-fetal-stromal-cell,MesenchymalStemCellsPrimary_1
48-fetal-stromal-cell,NeonatalCalvaria_2
48-fetal-stromal-cell,NeonatalSkin_1
48-fetal-stromal-cell,NeontalBrain_2
48-fetal-stromal-cell,Ovary_1
48-fetal-stromal-cell,Ovary_2
48-fetal-stromal-cell,Placenta_2
48-fetal-stromal-cell,AdultAdrenalGland_1
48-fetal-stromal-cell,AdultAdrenalGland_2
48-fetal-stromal-cell,AdultAdrenalGland_3
48-fetal-stromal-cell,Testis_1
48-fetal-stromal-cell,Uterus_1
48-fetal-stromal-cell,Uterus_2
49-neutrophil,FetalBrain_1
49-neutrophil,FetalEmbryonicMesenchyme_1
49-neutrophil,FetalFemaleGonad_1
49-neutrophil,FetalHeart_1
49-neutrophil,FetalHeart_2
49-neutrophil,FetalKidney_2
49-neutrophil,FetalLiver_1
49-neutrophil,FetalLung_1
49-neutrophil,FetalMaleGonad_1
49-neutrophil,FetalStomach_1
49-neutrophil,FetalStomach_2
49-neutrophil,FetalPancreas_1
49-neutrophil,FetalPancreas_2
49-neutrophil,NeonatalCalvaria_1
49-neutrophil,NeonatalHeart_1
49-neutrophil,NeonatalMuscle_1
49-neutrophil,NeonatalMuscle_2
49-neutrophil,NeonatalPancreas_1
49-neutrophil,NeonatalPancreas_2
49-neutrophil,NeonatalRib_1
49-neutrophil,NeonatalRib_2
49-neutrophil,NeonatalRib_3
49-neutrophil,NeonatalSkin_1
49-neutrophil,NeontalBrain_3
49-neutrophil,PeripheralBlood_3
5-neutrophil,AdultBoneMarrow_1
5-neutrophil,AdultBoneMarrow_4
5-neutrophil,AdultBoneMarrow_5
5-neutrophil,AdultBoneMarrowcKit_1
5-neutrophil,AdultBoneMarrowcKit_2
5-neutrophil,AdultBoneMarrowcKit_3
5-neutrophil,AdultBrain_2
5-neutrophil,Lung_1
5-neutrophil,Lung_2
5-neutrophil,Lung_3
5-neutrophil,MesenchymalStemCellsPrimary_1
5-neutrophil,Muscle_1
5-neutrophil,PeripheralBlood_2
5-neutrophil,PeripheralBlood_3
5-neutrophil,PeripheralBlood_5
5-neutrophil,Spleen_1
5-neutrophil,AdultPleura_1
5-neutrophil,AdultPleura_2
50-prostate-epithelial-cell,AdultProstate_1
50-prostate-epithelial-cell,AdultProstate_2
50-prostate-epithelial-cell,MammaryGlandLactation_2
51-stromal-cell,MesenchymalStemCellsPrimary_1
51-stromal-cell,NeonatalCalvaria_1
51-stromal-cell,NeonatalCalvaria_2
51-stromal-cell,NeonatalMuscle_2
51-stromal-cell,NeonatalRib_1
51-stromal-cell,NeonatalRib_2
51-stromal-cell,NeonatalRib_3
52-female-fetal-gonad-cell,FetalFemaleGonad_1
52-female-fetal-gonad-cell,FetalKidney_2
52-female-fetal-gonad-cell,FetalMaleGonad_1
52-female-fetal-gonad-cell,FetalMaleGonad_2
52-female-fetal-gonad-cell,FetalPancreas_2
52-female-fetal-gonad-cell,Ovary_1
53-b-cell-plasmocyte,AdultBoneMarrow_1
53-b-cell-plasmocyte,AdultBoneMarrow_4
53-b-cell-plasmocyte,AdultBoneMarrow_5
53-b-cell-plasmocyte,AdultBoneMarrowcKit_1
53-b-cell-plasmocyte,AdultBoneMarrowcKit_2
53-b-cell-plasmocyte,AdultBoneMarrowcKit_3
53-b-cell-plasmocyte,AdultBrain_1
53-b-cell-plasmocyte,AdultMammaryGlandInvolution_1
53-b-cell-plasmocyte,AdultMammaryGlandInvolution_2
53-b-cell-plasmocyte,AdultProstate_1
53-b-cell-plasmocyte,AdultProstate_2
53-b-cell-plasmocyte,Kidney_2
53-b-cell-plasmocyte,Liver_1
53-b-cell-plasmocyte,Liver_2
53-b-cell-plasmocyte,Lung_1
53-b-cell-plasmocyte,Lung_2
53-b-cell-plasmocyte,Lung_3
53-b-cell-plasmocyte,MammaryGlandLactation_1
53-b-cell-plasmocyte,MammaryGlandLactation_2
53-b-cell-plasmocyte,MammaryGlandPregnancy_1
53-b-cell-plasmocyte,MammaryGlandVirgin_1
53-b-cell-plasmocyte,MammaryGlandVirgin_2
53-b-cell-plasmocyte,MammaryGlandVirgin_3
53-b-cell-plasmocyte,MammaryGlandVirgin_4
53-b-cell-plasmocyte,Muscle_1
53-b-cell-plasmocyte,Pancreas_1
53-b-cell-plasmocyte,PeripheralBlood_2
53-b-cell-plasmocyte,PeripheralBlood_3
53-b-cell-plasmocyte,PeripheralBlood_4
53-b-cell-plasmocyte,PeripheralBlood_5
53-b-cell-plasmocyte,PeripheralBlood_6
53-b-cell-plasmocyte,SmallIntestine_1
53-b-cell-plasmocyte,SmallIntestine_2
53-b-cell-plasmocyte,SmallIntestine_3
53-b-cell-plasmocyte,Spleen_1
53-b-cell-plasmocyte,AdultStomach_1
53-b-cell-plasmocyte,AdultPleura_1
53-b-cell-plasmocyte,AdultPleura_2
53-b-cell-plasmocyte,AdultOmentum_1
53-b-cell-plasmocyte,AdultOmentum_2
53-b-cell-plasmocyte,AdultOmentum_3
53-b-cell-plasmocyte,AdultAdrenalGland_3
53-b-cell-plasmocyte,Thymus_1
53-b-cell-plasmocyte,Uterus_1
53-b-cell-plasmocyte,Uterus_2
54-neuron,AdultBrain_1
54-neuron,AdultBrain_2
54-neuron,FetalBrain_1
54-neuron,FetalEmbryonicMesenchyme_1
54-neuron,NeonatalRib_2
54-neuron,NeonatalRib_3
54-neuron,NeontalBrain_1
54-neuron,NeontalBrain_2
54-neuron,NeontalBrain_3
55-stromal-cell,AdultBladder_1
55-stromal-cell,AdultMammaryGlandInvolution_1
55-stromal-cell,AdultMammaryGlandInvolution_2
55-stromal-cell,Kidney_2
55-stromal-cell,Lung_1
55-stromal-cell,Lung_2
55-stromal-cell,MammaryGlandVirgin_1
55-stromal-cell,MammaryGlandVirgin_3
55-stromal-cell,MammaryGlandVirgin_4
55-stromal-cell,MesenchymalStemCellsPrimary_1
55-stromal-cell,Muscle_1
55-stromal-cell,Pancreas_1
55-stromal-cell,AdultStomach_2
55-stromal-cell,AdultPleura_1
55-stromal-cell,AdultPleura_2
55-stromal-cell,AdultOmentum_1
55-stromal-cell,AdultOmentum_2
55-stromal-cell,AdultOmentum_3
55-stromal-cell,AdultAdrenalGland_1
55-stromal-cell,AdultAdrenalGland_2
55-stromal-cell,AdultAdrenalGland_3
55-stromal-cell,Uterus_1
55-stromal-cell,Uterus_2
56-oligodendrocyte,AdultBrain_1
56-oligodendrocyte,AdultBrain_2
56-oligodendrocyte,NeonatalRib_2
56-oligodendrocyte,NeonatalRib_3
56-oligodendrocyte,NeontalBrain_1
56-oligodendrocyte,NeontalBrain_2
56-oligodendrocyte,NeontalBrain_3
57-b-cell,AdultBoneMarrow_1
57-b-cell,AdultBoneMarrow_4
57-b-cell,AdultBoneMarrow_5
57-b-cell,AdultBoneMarrowcKit_1
57-b-cell,AdultBoneMarrowcKit_2
57-b-cell,AdultBoneMarrowcKit_3
57-b-cell,AdultBrain_2
57-b-cell,AdultMammaryGlandInvolution_1
57-b-cell,FetalEmbryonicMesenchyme_1
57-b-cell,FetalFemaleGonad_1
57-b-cell,FetalHeart_1
57-b-cell,FetalHeart_2
57-b-cell,FetalIntestine_1
57-b-cell,FetalLiver_1
57-b-cell,FetalLung_1
57-b-cell,FetalMaleGonad_2
57-b-cell,Kidney_2
57-b-cell,Liver_1
57-b-cell,FetalStomach_1
57-b-cell,FetalStomach_2
57-b-cell,FetalPancreas_1
57-b-cell,Lung_1
57-b-cell,Lung_2
57-b-cell,Lung_3
57-b-cell,MammaryGlandVirgin_1
57-b-cell,MammaryGlandVirgin_4
57-b-cell,MesenchymalStemCellsPrimary_1
57-b-cell,Muscle_1
57-b-cell,NeonatalCalvaria_1
57-b-cell,NeonatalHeart_1
57-b-cell,NeonatalMuscle_1
57-b-cell,NeonatalMuscle_2
57-b-cell,NeonatalPancreas_1
57-b-cell,NeonatalPancreas_2
57-b-cell,NeonatalRib_1
57-b-cell,NeonatalRib_2
57-b-cell,NeonatalRib_3
57-b-cell,NeonatalSkin_1
57-b-cell,NeontalBrain_3
57-b-cell,PeripheralBlood_2
57-b-cell,PeripheralBlood_3
57-b-cell,PeripheralBlood_4
57-b-cell,PeripheralBlood_5
57-b-cell,SmallIntestine_1
57-b-cell,Spleen_1
57-b-cell,AdultPleura_1
57-b-cell,AdultPleura_2
58-stromal-cell,AdultBladder_1
58-stromal-cell,AdultMammaryGlandInvolution_1
58-stromal-cell,AdultMammaryGlandInvolution_2
58-stromal-cell,AdultProstate_2
58-stromal-cell,Kidney_2
58-stromal-cell,Lung_1
58-stromal-cell,Lung_3
58-stromal-cell,MammaryGlandLactation_1
58-stromal-cell,MammaryGlandLactation_2
58-stromal-cell,MammaryGlandPregnancy_1
58-stromal-cell,MammaryGlandVirgin_1
58-stromal-cell,MammaryGlandVirgin_2
58-stromal-cell,MammaryGlandVirgin_3
58-stromal-cell,MammaryGlandVirgin_4
58-stromal-cell,MesenchymalStemCellsPrimary_1
58-stromal-cell,Muscle_1
58-stromal-cell,NeonatalMuscle_2
58-stromal-cell,NeonatalRib_1
58-stromal-cell,SmallIntestine_1
58-stromal-cell,SmallIntestine_2
58-stromal-cell,AdultStomach_1
58-stromal-cell,AdultStomach_2
58-stromal-cell,AdultPleura_1
58-stromal-cell,AdultPleura_2
58-stromal-cell,AdultOmentum_1
58-stromal-cell,AdultOmentum_2
58-stromal-cell,AdultOmentum_3
58-stromal-cell,AdultAdrenalGland_1
58-stromal-cell,AdultAdrenalGland_2
58-stromal-cell,AdultAdrenalGland_3
58-stromal-cell,Uterus_2
59-alveolar-type-ii-cell,Lung_1
59-alveolar-type-ii-cell,Lung_2
59-alveolar-type-ii-cell,Lung_3
6-cd8pos-t-cell,AdultBladder_1
6-cd8pos-t-cell,AdultBoneMarrow_1
6-cd8pos-t-cell,AdultBoneMarrow_4
6-cd8pos-t-cell,AdultBoneMarrow_5
6-cd8pos-t-cell,AdultBoneMarrowcKit_1
6-cd8pos-t-cell,AdultBoneMarrowcKit_2
6-cd8pos-t-cell,AdultBoneMarrowcKit_3
6-cd8pos-t-cell,AdultBrain_1
6-cd8pos-t-cell,AdultBrain_2
6-cd8pos-t-cell,AdultMammaryGlandInvolution_1
6-cd8pos-t-cell,AdultMammaryGlandInvolution_2
6-cd8pos-t-cell,FetalEmbryonicMesenchyme_1
6-cd8pos-t-cell,FetalHeart_1
6-cd8pos-t-cell,FetalHeart_2
6-cd8pos-t-cell,FetalIntestine_1
6-cd8pos-t-cell,FetalKidney_2
6-cd8pos-t-cell,FetalLiver_1
6-cd8pos-t-cell,FetalLung_1
6-cd8pos-t-cell,FetalMaleGonad_1
6-cd8pos-t-cell,Kidney_2
6-cd8pos-t-cell,Liver_1
6-cd8pos-t-cell,Liver_2
6-cd8pos-t-cell,FetalStomach_2
6-cd8pos-t-cell,FetalPancreas_2
6-cd8pos-t-cell,Lung_1
6-cd8pos-t-cell,Lung_2
6-cd8pos-t-cell,Lung_3
6-cd8pos-t-cell,MammaryGlandLactation_2
6-cd8pos-t-cell,MammaryGlandPregnancy_1
6-cd8pos-t-cell,MammaryGlandVirgin_1
6-cd8pos-t-cell,MammaryGlandVirgin_2
6-cd8pos-t-cell,MammaryGlandVirgin_3
6-cd8pos-t-cell,MammaryGlandVirgin_4
6-cd8pos-t-cell,Muscle_1
6-cd8pos-t-cell,NeonatalCalvaria_1
6-cd8pos-t-cell,NeonatalMuscle_1
6-cd8pos-t-cell,NeonatalMuscle_2
6-cd8pos-t-cell,NeonatalPancreas_1
6-cd8pos-t-cell,NeonatalPancreas_2
6-cd8pos-t-cell,NeonatalRib_1
6-cd8pos-t-cell,NeonatalRib_2
6-cd8pos-t-cell,NeonatalRib_3
6-cd8pos-t-cell,NeonatalSkin_1
6-cd8pos-t-cell,NeontalBrain_1
6-cd8pos-t-cell,NeontalBrain_3
6-cd8pos-t-cell,Ovary_1
6-cd8pos-t-cell,Pancreas_1
6-cd8pos-t-cell,PeripheralBlood_1
6-cd8pos-t-cell,PeripheralBlood_2
6-cd8pos-t-cell,PeripheralBlood_3
6-cd8pos-t-cell,PeripheralBlood_4
6-cd8pos-t-cell,PeripheralBlood_5
6-cd8pos-t-cell,PeripheralBlood_6
6-cd8pos-t-cell,Placenta_1
6-cd8pos-t-cell,Placenta_2
6-cd8pos-t-cell,SmallIntestine_1
6-cd8pos-t-cell,SmallIntestine_2
6-cd8pos-t-cell,SmallIntestine_3
6-cd8pos-t-cell,Spleen_1
6-cd8pos-t-cell,AdultStomach_1
6-cd8pos-t-cell,AdultStomach_2
6-cd8pos-t-cell,AdultPleura_1
6-cd8pos-t-cell,AdultPleura_2
6-cd8pos-t-cell,AdultOmentum_1
6-cd8pos-t-cell,AdultOmentum_2
6-cd8pos-t-cell,AdultOmentum_3
6-cd8pos-t-cell,AdultAdrenalGland_1
6-cd8pos-t-cell,AdultAdrenalGland_2
6-cd8pos-t-cell,AdultAdrenalGland_3
6-cd8pos-t-cell,Thymus_1
6-cd8pos-t-cell,Uterus_1
6-cd8pos-t-cell,Uterus_2
60-endothelial-cell,FetalEmbryonicMesenchyme_1
60-endothelial-cell,FetalFemaleGonad_1
60-endothelial-cell,FetalHeart_1
60-endothelial-cell,FetalHeart_2
60-endothelial-cell,FetalIntestine_1
60-endothelial-cell,FetalKidney_1
60-endothelial-cell,FetalKidney_2
60-endothelial-cell,FetalLiver_1
60-endothelial-cell,FetalLung_1
60-endothelial-cell,FetalMaleGonad_1
60-endothelial-cell,FetalMaleGonad_2
60-endothelial-cell,Kidney_2
60-endothelial-cell,FetalStomach_1
60-endothelial-cell,FetalStomach_2
60-endothelial-cell,FetalPancreas_1
60-endothelial-cell,FetalPancreas_2
60-endothelial-cell,Lung_1
60-endothelial-cell,Lung_2
60-endothelial-cell,Lung_3
60-endothelial-cell,MammaryGlandLactation_1
60-endothelial-cell,MammaryGlandLactation_2
60-endothelial-cell,MesenchymalStemCellsPrimary_1
60-endothelial-cell,NeonatalCalvaria_2
60-endothelial-cell,NeonatalHeart_1
60-endothelial-cell,NeonatalMuscle_1
60-endothelial-cell,NeonatalMuscle_2
60-endothelial-cell,NeonatalPancreas_1
60-endothelial-cell,NeonatalRib_1
60-endothelial-cell,NeonatalRib_2
60-endothelial-cell,NeonatalRib_3
60-endothelial-cell,NeonatalSkin_1
60-endothelial-cell,NeontalBrain_1
60-endothelial-cell,NeontalBrain_2
60-endothelial-cell,NeontalBrain_3
60-endothelial-cell,Ovary_1
60-endothelial-cell,Ovary_2
60-endothelial-cell,Placenta_1
60-endothelial-cell,Placenta_2
60-endothelial-cell,AdultAdrenalGland_1
60-endothelial-cell,Uterus_2
61-intercalated-cells-of-collecting-duct,FetalKidney_2
61-intercalated-cells-of-collecting-duct,Kidney_2
61-intercalated-cells-of-collecting-duct,NeonatalCalvaria_1
61-intercalated-cells-of-collecting-duct,Uterus_2
62-proximal-tubule-brush-border-cell,FetalKidney_2
62-proximal-tubule-brush-border-cell,Kidney_2
63-stromal-cell,FetalEmbryonicMesenchyme_1
63-stromal-cell,MesenchymalStemCellsPrimary_1
63-stromal-cell,NeonatalCalvaria_1
63-stromal-cell,NeonatalCalvaria_2
63-stromal-cell,NeonatalHeart_1
63-stromal-cell,NeonatalMuscle_1
63-stromal-cell,NeonatalMuscle_2
63-stromal-cell,NeonatalRib_1
63-stromal-cell,NeonatalRib_2
63-stromal-cell,NeonatalRib_3
64-myocyte,AdultBrain_2
64-myocyte,AdultMammaryGlandInvolution_1
64-myocyte,FetalBrain_1
64-myocyte,FetalEmbryonicMesenchyme_1
64-myocyte,FetalHeart_1
64-myocyte,FetalHeart_2
64-myocyte,FetalKidney_1
64-myocyte,FetalKidney_2
64-myocyte,FetalLung_1
64-myocyte,FetalMaleGonad_1
64-myocyte,FetalMaleGonad_2
64-myocyte,Kidney_2
64-myocyte,FetalStomach_1
64-myocyte,FetalStomach_2
64-myocyte,FetalPancreas_1
64-myocyte,FetalPancreas_2
64-myocyte,Lung_3
64-myocyte,Muscle_1
64-myocyte,NeonatalCalvaria_1
64-myocyte,NeonatalCalvaria_2
64-myocyte,NeonatalHeart_1
64-myocyte,NeonatalMuscle_1
64-myocyte,NeonatalMuscle_2
64-myocyte,NeonatalPancreas_1
64-myocyte,NeonatalPancreas_2
64-myocyte,NeonatalRib_1
64-myocyte,NeonatalRib_2
64-myocyte,NeonatalRib_3
64-myocyte,NeonatalSkin_1
64-myocyte,NeontalBrain_1
64-myocyte,NeontalBrain_2
64-myocyte,NeontalBrain_3
64-myocyte,Ovary_1
64-myocyte,Ovary_2
64-myocyte,Placenta_1
64-myocyte,Placenta_2
64-myocyte,AdultStomach_2
64-myocyte,AdultAdrenalGland_1
64-myocyte,AdultAdrenalGland_2
64-myocyte,AdultAdrenalGland_3
65-endothelial-cell,AdultBladder_1
65-endothelial-cell,AdultMammaryGlandInvolution_1
65-endothelial-cell,AdultMammaryGlandInvolution_2
65-endothelial-cell,Kidney_2
65-endothelial-cell,Lung_3
65-endothelial-cell,MammaryGlandPregnancy_1
65-endothelial-cell,MesenchymalStemCellsPrimary_1
65-endothelial-cell,Muscle_1
65-endothelial-cell,NeonatalSkin_1
65-endothelial-cell,Pancreas_1
65-endothelial-cell,SmallIntestine_2
65-endothelial-cell,AdultAdrenalGland_1
65-endothelial-cell,AdultAdrenalGland_2
65-endothelial-cell,AdultAdrenalGland_3
65-endothelial-cell,Uterus_2
66-stromal-cell,FetalBrain_1
66-stromal-cell,FetalEmbryonicMesenchyme_1
66-stromal-cell,FetalFemaleGonad_1
66-stromal-cell,FetalHeart_1
66-stromal-cell,FetalHeart_2
66-stromal-cell,FetalIntestine_1
66-stromal-cell,FetalKidney_1
66-stromal-cell,FetalKidney_2
66-stromal-cell,FetalLiver_1
66-stromal-cell,FetalLung_1
66-stromal-cell,FetalMaleGonad_1
66-stromal-cell,FetalMaleGonad_2
66-stromal-cell,FetalStomach_1
66-stromal-cell,FetalStomach_2
66-stromal-cell,FetalPancreas_1
66-stromal-cell,FetalPancreas_2
66-stromal-cell,NeonatalMuscle_2
66-stromal-cell,NeonatalPancreas_1
66-stromal-cell,NeontalBrain_1
66-stromal-cell,NeontalBrain_2
66-stromal-cell,NeontalBrain_3
66-stromal-cell,Placenta_1
66-stromal-cell,Placenta_2
66-stromal-cell,AdultAdrenalGland_1
67-epithelial-cell,SmallIntestine_1
67-epithelial-cell,SmallIntestine_2
67-epithelial-cell,SmallIntestine_3
68-pre-sertoli-cell,FetalEmbryonicMesenchyme_1
68-pre-sertoli-cell,FetalFemaleGonad_1
68-pre-sertoli-cell,FetalMaleGonad_1
68-pre-sertoli-cell,FetalMaleGonad_2
68-pre-sertoli-cell,Ovary_2
68-pre-sertoli-cell,Testis_1
69-acinar-cell,FetalIntestine_1
69-acinar-cell,FetalStomach_1
69-acinar-cell,FetalStomach_2
69-acinar-cell,FetalPancreas_1
69-acinar-cell,FetalPancreas_2
7-lymphocyte,AdultBoneMarrow_1
7-lymphocyte,AdultBoneMarrow_4
7-lymphocyte,AdultBoneMarrow_5
7-lymphocyte,AdultBoneMarrowcKit_1
7-lymphocyte,AdultBoneMarrowcKit_2
7-lymphocyte,AdultBoneMarrowcKit_3
7-lymphocyte,AdultMammaryGlandInvolution_1
7-lymphocyte,AdultMammaryGlandInvolution_2
7-lymphocyte,FetalEmbryonicMesenchyme_1
7-lymphocyte,FetalFemaleGonad_1
7-lymphocyte,FetalHeart_1
7-lymphocyte,FetalHeart_2
7-lymphocyte,FetalIntestine_1
7-lymphocyte,FetalKidney_1
7-lymphocyte,FetalKidney_2
7-lymphocyte,FetalLiver_1
7-lymphocyte,FetalLung_1
7-lymphocyte,FetalMaleGonad_1
7-lymphocyte,FetalMaleGonad_2
7-lymphocyte,Liver_1
7-lymphocyte,FetalStomach_1
7-lymphocyte,FetalStomach_2
7-lymphocyte,FetalPancreas_1
7-lymphocyte,FetalPancreas_2
7-lymphocyte,Lung_1
7-lymphocyte,Lung_2
7-lymphocyte,MammaryGlandVirgin_1
7-lymphocyte,MammaryGlandVirgin_3
7-lymphocyte,MesenchymalStemCellsPrimary_1
7-lymphocyte,Muscle_1
7-lymphocyte,NeonatalCalvaria_1
7-lymphocyte,NeonatalCalvaria_2
7-lymphocyte,NeonatalHeart_1
7-lymphocyte,NeonatalMuscle_1
7-lymphocyte,NeonatalMuscle_2
7-lymphocyte,NeonatalPancreas_1
7-lymphocyte,NeonatalPancreas_2
7-lymphocyte,NeonatalRib_1
7-lymphocyte,NeonatalRib_2
7-lymphocyte,NeonatalRib_3
7-lymphocyte,PeripheralBlood_2
7-lymphocyte,PeripheralBlood_4
7-lymphocyte,PeripheralBlood_5
7-lymphocyte,Placenta_1
7-lymphocyte,Placenta_2
7-lymphocyte,AdultPleura_1
7-lymphocyte,AdultPleura_2
7-lymphocyte,AdultOmentum_2
7-lymphocyte,AdultOmentum_3
7-lymphocyte,AdultAdrenalGland_1
70-epithelial-cell,Lung_2
70-epithelial-cell,Placenta_1
70-epithelial-cell,Placenta_2
71-epithelial-cell,AdultMammaryGlandInvolution_1
71-epithelial-cell,AdultMammaryGlandInvolution_2
71-epithelial-cell,Kidney_2
71-epithelial-cell,Lung_3
71-epithelial-cell,MammaryGlandLactation_2
71-epithelial-cell,MammaryGlandPregnancy_1
71-epithelial-cell,MammaryGlandVirgin_1
71-epithelial-cell,MammaryGlandVirgin_2
71-epithelial-cell,MammaryGlandVirgin_3
71-epithelial-cell,MammaryGlandVirgin_4
71-epithelial-cell,NeonatalCalvaria_1
71-epithelial-cell,Placenta_2
72-macrophage,AdultBoneMarrow_1
72-macrophage,AdultBoneMarrow_4
72-macrophage,AdultBoneMarrow_5
72-macrophage,AdultBoneMarrowcKit_1
72-macrophage,AdultBoneMarrowcKit_2
72-macrophage,AdultBoneMarrowcKit_3
72-macrophage,AdultMammaryGlandInvolution_1
72-macrophage,FetalHeart_2
72-macrophage,FetalLiver_1
72-macrophage,FetalLung_1
72-macrophage,Liver_1
72-macrophage,Liver_2
72-macrophage,FetalPancreas_1
72-macrophage,FetalPancreas_2
72-macrophage,MammaryGlandVirgin_1
72-macrophage,MammaryGlandVirgin_3
72-macrophage,Muscle_1
72-macrophage,NeonatalMuscle_2
72-macrophage,NeonatalPancreas_1
72-macrophage,NeonatalPancreas_2
72-macrophage,NeonatalRib_1
72-macrophage,SmallIntestine_2
72-macrophage,Spleen_1
72-macrophage,AdultPleura_2
72-macrophage,AdultAdrenalGland_3
73-enterocyte,SmallIntestine_1
73-enterocyte,SmallIntestine_2
73-enterocyte,SmallIntestine_3
74-stromal-cell,AdultStomach_1
74-stromal-cell,Uterus_1
75-cardiocyte,FetalHeart_1
75-cardiocyte,FetalHeart_2
75-cardiocyte,FetalLung_1
75-cardiocyte,Muscle_1
75-cardiocyte,NeonatalHeart_1
76-hepatocyte,FetalLiver_1
76-hepatocyte,Liver_1
76-hepatocyte,Liver_2
76-hepatocyte,NeonatalPancreas_1
76-hepatocyte,NeonatalPancreas_2
77-macrophage,AdultBrain_1
77-macrophage,AdultBrain_2
77-macrophage,AdultMammaryGlandInvolution_1
77-macrophage,AdultMammaryGlandInvolution_2
77-macrophage,FetalHeart_1
77-macrophage,FetalHeart_2
77-macrophage,Kidney_2
77-macrophage,Liver_1
77-macrophage,Lung_1
77-macrophage,Lung_2
77-macrophage,Lung_3
77-macrophage,MammaryGlandLactation_2
77-macrophage,MesenchymalStemCellsPrimary_1
77-macrophage,NeonatalCalvaria_1
77-macrophage,NeonatalCalvaria_2
77-macrophage,NeonatalMuscle_1
77-macrophage,NeonatalMuscle_2
77-macrophage,NeonatalPancreas_1
77-macrophage,NeonatalRib_1
77-macrophage,NeonatalRib_2
77-macrophage,NeonatalRib_3
77-macrophage,NeonatalSkin_1
77-macrophage,Ovary_1
77-macrophage,Ovary_2
77-macrophage,Pancreas_1
77-macrophage,Placenta_1
77-macrophage,Placenta_2
77-macrophage,AdultAdrenalGland_1
77-macrophage,Uterus_1
77-macrophage,Uterus_2
78-cardiocyte,FetalHeart_1
78-cardiocyte,Muscle_1
78-cardiocyte,NeonatalHeart_1
79-cd8pos-t-cell,AdultMammaryGlandInvolution_1
79-cd8pos-t-cell,FetalHeart_1
79-cd8pos-t-cell,FetalHeart_2
79-cd8pos-t-cell,Lung_1
79-cd8pos-t-cell,Lung_3
79-cd8pos-t-cell,MammaryGlandPregnancy_1
79-cd8pos-t-cell,MammaryGlandVirgin_1
79-cd8pos-t-cell,NeonatalPancreas_1
79-cd8pos-t-cell,SmallIntestine_1
79-cd8pos-t-cell,SmallIntestine_2
79-cd8pos-t-cell,SmallIntestine_3
79-cd8pos-t-cell,Spleen_1
79-cd8pos-t-cell,AdultAdrenalGland_1
79-cd8pos-t-cell,AdultAdrenalGland_3
79-cd8pos-t-cell,Thymus_1
8-mesenchymal-stem-cell,MesenchymalStemCells_1
8-mesenchymal-stem-cell,Ovary_1
8-mesenchymal-stem-cell,AdultStomach_1
80-pancreatic-endocrine-cell,NeonatalPancreas_2
80-pancreatic-endocrine-cell,Pancreas_1
80-pancreatic-endocrine-cell,AdultOmentum_1
80-pancreatic-endocrine-cell,AdultOmentum_2
80-pancreatic-endocrine-cell,AdultOmentum_3
80-pancreatic-endocrine-cell,AdultAdrenalGland_3
81-smooth-muscle-cell,AdultBladder_1
81-smooth-muscle-cell,AdultProstate_1
81-smooth-muscle-cell,FetalHeart_2
81-smooth-muscle-cell,Lung_1
81-smooth-muscle-cell,Lung_2
81-smooth-muscle-cell,Lung_3
81-smooth-muscle-cell,MammaryGlandLactation_2
81-smooth-muscle-cell,MammaryGlandPregnancy_1
81-smooth-muscle-cell,MesenchymalStemCellsPrimary_1
81-smooth-muscle-cell,NeonatalCalvaria_2
81-smooth-muscle-cell,NeonatalHeart_1
81-smooth-muscle-cell,NeonatalMuscle_1
81-smooth-muscle-cell,NeonatalMuscle_2
81-smooth-muscle-cell,NeonatalPancreas_1
81-smooth-muscle-cell,NeonatalRib_1
81-smooth-muscle-cell,NeonatalRib_2
81-smooth-muscle-cell,NeonatalRib_3
81-smooth-muscle-cell,NeonatalSkin_1
81-smooth-muscle-cell,Ovary_1
81-smooth-muscle-cell,Pancreas_1
81-smooth-muscle-cell,Placenta_1
81-smooth-muscle-cell,Placenta_2
81-smooth-muscle-cell,SmallIntestine_2
81-smooth-muscle-cell,SmallIntestine_3
81-smooth-muscle-cell,AdultStomach_1
81-smooth-muscle-cell,AdultStomach_2
81-smooth-muscle-cell,AdultAdrenalGland_1
81-smooth-muscle-cell,AdultAdrenalGland_2
81-smooth-muscle-cell,AdultAdrenalGland_3
81-smooth-muscle-cell,Uterus_1
81-smooth-muscle-cell,Uterus_2
82-epithelial-cell,Liver_1
82-epithelial-cell,Liver_2
82-epithelial-cell,NeonatalPancreas_1
82-epithelial-cell,NeonatalPancreas_2
82-epithelial-cell,Pancreas_1
82-epithelial-cell,AdultStomach_2
82-epithelial-cell,AdultOmentum_1
82-epithelial-cell,AdultOmentum_2
82-epithelial-cell,AdultOmentum_3
83-epithelial-cell,AdultBladder_1
83-epithelial-cell,Kidney_2
83-epithelial-cell,AdultStomach_2
84-oligodendrocyte,AdultBrain_1
84-oligodendrocyte,AdultBrain_2
84-oligodendrocyte,NeontalBrain_3
85-fetal-premeiotic-germ-cell,FetalFemaleGonad_1
85-fetal-premeiotic-germ-cell,FetalMaleGonad_1
85-fetal-premeiotic-germ-cell,FetalMaleGonad_2
85-fetal-premeiotic-germ-cell,Placenta_2
85-fetal-premeiotic-germ-cell,Testis_1
86-small-luteal-cell,FetalEmbryonicMesenchyme_1
86-small-luteal-cell,FetalMaleGonad_1
86-small-luteal-cell,FetalMaleGonad_2
86-small-luteal-cell,Ovary_1
86-small-luteal-cell,Ovary_2
86-small-luteal-cell,AdultAdrenalGland_1
86-small-luteal-cell,AdultAdrenalGland_2
86-small-luteal-cell,AdultAdrenalGland_3
86-small-luteal-cell,Testis_1
87-smooth-muscle-cell,FetalEmbryonicMesenchyme_1
87-smooth-muscle-cell,FetalHeart_1
87-smooth-muscle-cell,FetalHeart_2
87-smooth-muscle-cell,FetalIntestine_1
87-smooth-muscle-cell,FetalKidney_1
87-smooth-muscle-cell,FetalKidney_2
87-smooth-muscle-cell,FetalLung_1
87-smooth-muscle-cell,FetalMaleGonad_1
87-smooth-muscle-cell,FetalMaleGonad_2
87-smooth-muscle-cell,FetalStomach_1
87-smooth-muscle-cell,FetalStomach_2
87-smooth-muscle-cell,NeonatalSkin_1
87-smooth-muscle-cell,Placenta_1
87-smooth-muscle-cell,Placenta_2
88-mast-cell,AdultBoneMarrow_1
88-mast-cell,AdultBoneMarrow_4
88-mast-cell,AdultBoneMarrow_5
88-mast-cell,AdultBoneMarrowcKit_1
88-mast-cell,AdultBoneMarrowcKit_2
88-mast-cell,AdultBoneMarrowcKit_3
88-mast-cell,AdultBrain_1
88-mast-cell,AdultMammaryGlandInvolution_1
88-mast-cell,AdultMammaryGlandInvolution_2
88-mast-cell,FetalEmbryonicMesenchyme_1
88-mast-cell,FetalFemaleGonad_1
88-mast-cell,FetalHeart_1
88-mast-cell,FetalHeart_2
88-mast-cell,FetalIntestine_1
88-mast-cell,FetalKidney_1
88-mast-cell,FetalKidney_2
88-mast-cell,FetalLiver_1
88-mast-cell,FetalLung_1
88-mast-cell,FetalMaleGonad_1
88-mast-cell,FetalMaleGonad_2
88-mast-cell,Liver_1
88-mast-cell,FetalStomach_1
88-mast-cell,FetalStomach_2
88-mast-cell,FetalPancreas_1
88-mast-cell,FetalPancreas_2
88-mast-cell,Lung_1
88-mast-cell,Lung_2
88-mast-cell,Lung_3
88-mast-cell,MammaryGlandPregnancy_1
88-mast-cell,MesenchymalStemCellsPrimary_1
88-mast-cell,Muscle_1
88-mast-cell,NeonatalCalvaria_1
88-mast-cell,NeonatalCalvaria_2
88-mast-cell,NeonatalHeart_1
88-mast-cell,NeonatalMuscle_1
88-mast-cell,NeonatalMuscle_2
88-mast-cell,NeonatalPancreas_1
88-mast-cell,NeonatalPancreas_2
88-mast-cell,NeonatalRib_2
88-mast-cell,NeonatalRib_3
88-mast-cell,NeonatalSkin_1
88-mast-cell,PeripheralBlood_2
88-mast-cell,PeripheralBlood_3
88-mast-cell,Placenta_1
88-mast-cell,Placenta_2
88-mast-cell,AdultStomach_1
88-mast-cell,AdultStomach_2
88-mast-cell,AdultPleura_1
88-mast-cell,AdultPleura_2
88-mast-cell,AdultOmentum_3
88-mast-cell,AdultAdrenalGland_1
88-mast-cell,AdultAdrenalGland_3
88-mast-cell,Uterus_2
89-adipocyte,NeonatalMuscle_1
89-adipocyte,NeonatalMuscle_2
89-adipocyte,NeonatalSkin_1
9-erythroid-cell,AdultBoneMarrow_1
9-erythroid-cell,AdultBoneMarrow_4
9-erythroid-cell,AdultBoneMarrow_5
9-erythroid-cell,AdultBoneMarrowcKit_1
9-erythroid-cell,AdultBoneMarrowcKit_2
9-erythroid-cell,AdultBoneMarrowcKit_3
9-erythroid-cell,FetalEmbryonicMesenchyme_1
9-erythroid-cell,FetalFemaleGonad_1
9-erythroid-cell,FetalHeart_2
9-erythroid-cell,FetalIntestine_1
9-erythroid-cell,FetalKidney_1
9-erythroid-cell,FetalLiver_1
9-erythroid-cell,FetalLung_1
9-erythroid-cell,FetalMaleGonad_1
9-erythroid-cell,FetalMaleGonad_2
9-erythroid-cell,FetalStomach_1
9-erythroid-cell,FetalStomach_2
9-erythroid-cell,FetalPancreas_1
9-erythroid-cell,FetalPancreas_2
9-erythroid-cell,Lung_1
9-erythroid-cell,MesenchymalStemCellsPrimary_1
9-erythroid-cell,Muscle_1
9-erythroid-cell,NeonatalCalvaria_1
9-erythroid-cell,NeonatalCalvaria_2
9-erythroid-cell,NeonatalHeart_1
9-erythroid-cell,NeonatalMuscle_1
9-erythroid-cell,NeonatalMuscle_2
9-erythroid-cell,NeonatalPancreas_1
9-erythroid-cell,NeonatalPancreas_2
9-erythroid-cell,NeonatalRib_1
9-erythroid-cell,NeonatalRib_2
9-erythroid-cell,NeonatalRib_3
9-erythroid-cell,NeonatalSkin_1
9-erythroid-cell,PeripheralBlood_2
9-erythroid-cell,Placenta_1
9-erythroid-cell,Placenta_2
9-erythroid-cell,AdultPleura_1
9-erythroid-cell,AdultPleura_2
90-erythroid-cell,FetalBrain_1
90-erythroid-cell,FetalEmbryonicMesenchyme_1
90-erythroid-cell,FetalHeart_1
90-erythroid-cell,FetalHeart_2
90-erythroid-cell,FetalIntestine_1
90-erythroid-cell,FetalKidney_1
90-erythroid-cell,FetalLung_1
90-erythroid-cell,FetalStomach_1
90-erythroid-cell,Muscle_1
90-erythroid-cell,NeonatalRib_3
90-erythroid-cell,NeontalBrain_1
90-erythroid-cell,NeontalBrain_3
90-erythroid-cell,Placenta_1
91-invasive-spongiotrophoblast,Placenta_1
91-invasive-spongiotrophoblast,Placenta_2
92-spermicyte,Testis_1
92-spermicyte,Testis_2
93-b-cell,AdultBoneMarrow_5
93-b-cell,AdultMammaryGlandInvolution_1
93-b-cell,Lung_2
93-b-cell,MammaryGlandPregnancy_1
93-b-cell,MammaryGlandVirgin_1
93-b-cell,MammaryGlandVirgin_2
93-b-cell,Placenta_1
93-b-cell,SmallIntestine_1
94-acinar-cell,NeonatalPancreas_2
94-acinar-cell,Pancreas_1
94-acinar-cell,AdultOmentum_1
94-acinar-cell,AdultOmentum_2
94-acinar-cell,AdultOmentum_3
95-hepatocyte,FetalHeart_2
95-hepatocyte,FetalLiver_1
95-hepatocyte,FetalLung_1
95-hepatocyte,FetalStomach_1
95-hepatocyte,FetalStomach_2
95-hepatocyte,FetalPancreas_1
95-hepatocyte,FetalPancreas_2
95-hepatocyte,NeonatalPancreas_1
95-hepatocyte,NeonatalPancreas_2
96-stromal-cell,Liver_1
96-stromal-cell,Liver_2
96-stromal-cell,Lung_1
96-stromal-cell,NeonatalPancreas_1
96-stromal-cell,AdultStomach_2
96-stromal-cell,AdultPleura_1
96-stromal-cell,AdultPleura_2
96-stromal-cell,AdultOmentum_1
96-stromal-cell,AdultOmentum_2
96-stromal-cell,AdultOmentum_3
96-stromal-cell,Uterus_1
96-stromal-cell,Uterus_2
97-endocrine-cell,FetalIntestine_1
97-endocrine-cell,FetalStomach_1
97-endocrine-cell,FetalStomach_2
97-endocrine-cell,FetalPancreas_1
97-endocrine-cell,FetalPancreas_2
97-endocrine-cell,NeonatalPancreas_2
97-endocrine-cell,AdultStomach_2
98-secretory-epithelial-cell,Lung_1
98-secretory-epithelial-cell,Lung_2
98-secretory-epithelial-cell,Lung_3
98-secretory-epithelial-cell,AdultStomach_2
98-secretory-epithelial-cell,Uterus_2
99-microglial,AdultBrain_1
99-microglial,AdultBrain_2
99-microglial,NeonatalRib_2
99-microglial,NeontalBrain_2
99-microglial,NeontalBrain_3
